Wall time,Step,Value
1689308630.7917042,100596,0.00010732217197073624
1689308642.820399,102192,0.0007609485764987767
1689308650.0110774,103152,0.00042495824163779616
1689308650.8242505,103252,0.016102474182844162
1689308662.8012595,104808,0.00013977210619486868
1689308669.6566944,105756,0.03061194345355034
1689308670.7945037,105904,0.015940222889184952
1689308684.049851,107656,8.051973964029457e-06
1689308684.8628013,107760,3.285304774180986e-05
1689308689.2606108,108340,2.8063270292477682e-05
1689308693.42451,108908,0.0003162162902299315
1689308701.4279783,109992,6.4628957261447795e-06
1689308706.01809,110572,1.7014288459904492e-05
1689308712.3460214,111412,9.538175072520971e-05
1689308722.53309,112668,0.00027861256967298687
1689308726.0809598,113120,0.0004865943337790668
1689308729.5736103,113564,3.74899354937952e-05
1689308742.1245706,115128,0.0006005658651702106
1689308746.5242567,115668,6.690808368148282e-05
1689308747.2771192,115776,0.0010990138398483396
1689308750.0365508,116120,0.016822420060634613
1689308752.2981527,116428,0.0009969545062631369
1689308765.1356966,118052,0.0023192851804196835
1689308768.0769289,118408,0.0010390273528173566
1689308775.994628,119412,0.01633566990494728
1689308778.0081983,119688,0.0017270795069634914
1689308779.528693,119876,6.979121826589108e-05
1689308782.371381,120236,0.01628667116165161
1689308791.3475509,121420,0.0012140707112848759
1689308796.3571215,122012,0.00017507324810139835
1689308809.1229165,123584,0.0027508556377142668
1689308819.85348,124916,0.017454128712415695
1689308821.5567791,125144,0.0014137527905404568
1689308829.222561,126156,0.00149481650441885
1689308850.0200412,128832,0.004879891872406006
1689308865.2581067,130660,0.018762659281492233
1689308866.3905866,130788,0.005344911012798548
1689308879.957703,132540,4.166037979302928e-05
1689308881.8160684,132792,0.0019772809464484453
1689308893.5002604,134316,0.00209798663854599
1689308896.218193,134656,9.650169522501528e-05
1689308905.719743,135880,0.008555120788514614
1689308908.6313117,136248,0.015483811497688293
1689308913.754058,136892,5.6684402807150036e-05
1689308920.4588966,137708,0.0001109222139348276
1689308935.258543,139596,0.0052891564555466175
1689308943.5932822,140648,0.00041989219607785344
1689308945.9751534,140980,2.8387115889927372e-05
1689308946.7146606,141072,0.0001171288313344121
1689308950.7516017,141544,0.005641084164381027
1689308972.302866,144320,0.01862214133143425
1689308973.064834,144412,0.0030631038825958967
1689308983.584377,145700,0.0030825273133814335
1689308988.2736087,146304,0.019615016877651215
1689308989.2426627,146428,0.016323592513799667
1689308990.8828483,146648,0.02779592201113701
1689309003.5796158,148208,0.013173692859709263
1689309011.2257905,149236,0.002949000336229801
1689309015.1411273,149732,0.01684877648949623
1689309017.8578656,150100,0.017950288951396942
1689309028.393748,151368,0.0029249845538288355
1689309029.8052185,151552,0.016439007595181465
1689309041.6366737,153048,0.007724055554717779
1689309046.5423963,153672,0.006827836856245995
1689309047.2203703,153756,0.0010852128034457564
1689309059.8990612,155396,0.0033243780490010977
1689309060.5312917,155484,0.00033162362524308264
1689309062.6790435,155776,0.0049120355397462845
1689309068.2015073,156504,0.0015942095778882504
1689309084.0091555,158536,0.005692414473742247
1689309087.7769475,159000,0.0023379381746053696
1689309090.4789195,159340,0.004609626717865467
1689309092.1310284,159552,0.007449388969689608
1689309096.0417283,160016,0.015596413053572178
1689309096.8184257,160100,0.003340876428410411
1689309102.0906947,160776,0.0017080664401873946
1689309103.1236346,160912,0.006843802984803915
1689309109.7173686,161724,0.003787262598052621
1689309133.6604693,164676,0.018497589975595474
1689309135.8280263,164936,0.0010871413396671414
1689309136.8234982,165072,0.0041747912764549255
1689309137.9213388,165196,0.003321867436170578
1689309140.1618383,165472,0.0009735541534610093
1689309143.089793,165816,0.0015280835796147585
1689309157.3427434,167608,0.006729409098625183
1689309158.0609665,167692,0.005047064274549484
1689309159.929993,167916,0.004779192619025707
1689309161.4623756,168120,0.001925941789522767
1689309164.6277325,168508,0.0027698231860995293
1689309168.5909414,168996,0.004930641036480665
1689309171.1041458,169288,0.007380192168056965
1689309176.7250943,169992,0.0035763841588050127
1689309182.121775,170652,0.0020845094695687294
1689309187.756601,171372,0.0011258795857429504
1689309190.1462896,171652,0.005058071576058865
1689309194.3923976,172180,0.002123580314218998
1689309215.198643,174780,0.009321793913841248
1689309222.787963,175648,0.002675926312804222
1689309227.0644472,176192,0.006989737506955862
1689309229.3585675,176476,0.01414437685161829
1689309250.196744,179112,0.007912266068160534
1689309259.9211814,180368,0.012140902690589428
1689309264.2669547,180916,0.0061189960688352585
1689309265.6983652,181108,0.0172679852694273
1689309273.797856,182100,0.0051377881318330765
1689309280.758505,182992,0.002448310609906912
1689309281.828771,183128,0.0027144222985953093
1689309285.8849287,183672,0.002971542766317725
1689309295.2560525,184816,0.0058782072737813
1689309301.9621584,185620,0.0025837155990302563
1689309310.1193554,186688,0.007436047308146954
1689309310.9274569,186792,0.002272519515827298
1689309328.0721886,188928,0.0031855928245931864
1689309330.5886998,189224,0.01227576658129692
1689309361.9161856,193044,0.013506066985428333
1689309364.843077,193424,0.008949058130383492
1689309367.6353521,193784,0.012421311810612679
1689309373.0392075,194496,0.01847478374838829
1689309376.8722847,194952,0.005948398262262344
1689309377.6240332,195044,0.015844296663999557
1689309389.486986,196548,0.005673244595527649
1689309411.860359,199344,0.010057714767754078
1689309423.3151076,200812,0.00799462292343378
1689309425.6537979,201088,0.0038403556682169437
1689309433.6028945,202048,0.006681875791400671
1689309440.0650408,202836,0.004120592959225178
1689309460.037927,205288,0.012609628029167652
1689309460.7820897,205380,0.007790130563080311
1689309462.4203787,205576,0.012253723107278347
1689309473.9850667,206944,0.006481331307440996
1689309486.4870129,208516,0.018579302355647087
1689309496.2936916,209776,0.004956969525665045
1689309500.2081134,210276,0.004897774662822485
1689309516.632406,212292,0.017983119934797287
1689309521.450305,212928,0.004937570076435804
1689309525.870838,213436,0.0069940173998475075
1689309530.92467,214032,0.005055377725511789
1689309550.6288106,216484,0.003680822206661105
1689309561.3842945,217836,0.008880725130438805
1689309566.2158992,218472,0.02340804785490036
1689309597.0244613,222368,0.004773349966853857
1689309598.831901,222576,0.022496670484542847
1689309613.8063529,224424,0.006479552015662193
1689309620.161827,225240,0.0052888039499521255
1689309637.1234772,227304,0.005455996375530958
1689309685.5290897,233280,0.004071956966072321
1689309688.9585977,233664,0.0038827976677566767
1689309690.799639,233884,0.0034625160042196512
1689309703.5132012,235368,0.021162396296858788
1689309711.9500253,236452,0.004334442317485809
1689309715.9340944,236952,0.016464965417981148
1689309718.6218698,237272,0.0076525891199707985
1689309729.978021,238660,0.01474817655980587
1689309754.334949,241716,0.006304105278104544
1689309769.1537461,243632,0.0028956180904060602
1689309769.844344,243724,0.005435428116470575
1689309771.262542,243908,0.0022331394720822573
1689309774.3920274,244272,0.0023743673227727413
1689309783.0016427,245328,0.00282848603092134
1689309796.8739994,247092,0.021008724346756935
1689309801.9030774,247724,0.007460246793925762
1689309803.3884919,247920,0.012249527499079704
1689309805.8436277,248212,0.0017411212902516127
1689309807.8073115,248464,0.007977585308253765
1689309809.3572915,248656,0.007343881763517857
1689309821.6151562,250136,0.0036609675735235214
1689309826.708689,250764,0.012309093028306961
1689309838.632503,252268,0.0032587838359177113
1689309842.8207662,252812,0.005066975485533476
1689309848.7033856,253584,0.007302694022655487
1689309857.017584,254628,0.004370898008346558
1689309861.8353326,255180,0.006338753271847963
1689309862.822043,255288,0.007628651335835457
1689309879.6848512,257364,0.00951072946190834
1689309892.6214535,258968,0.0016183783300220966
1689309894.7971876,259244,0.010951925069093704
1689309895.555447,259336,0.006232443265616894
1689309902.58437,260200,0.014697008766233921
1689309907.5934167,260800,0.008236413821578026
1689309912.0117075,261352,0.0065413182601332664
1689309913.8290925,261580,0.007327515631914139
1689309927.126938,263244,0.0054016876965761185
1689309936.3956668,264388,0.0036951114889234304
1689309940.794365,264944,0.004595928825438023
1689309951.0914114,266232,0.0040375846438109875
1689309971.3334293,268716,0.005117851309478283
1689309973.091826,268944,0.005151157267391682
1689309979.6506388,269784,0.01167211215943098
1689309980.5853415,269896,0.004778803791850805
1689309982.6122484,270152,0.003666854929178953
1689309986.3146331,270612,0.005187144502997398
1689309990.1307125,271100,0.005629879422485828
1689309997.4989676,272012,0.005651493091136217
1689310003.9743402,272840,0.005317185539752245
1689310009.8425467,273580,0.008558139204978943
1689310017.8385768,274548,0.006734211929142475
1689310020.6099963,274896,0.0009249842842109501
1689310025.6654487,275512,0.004391711670905352
1689310036.331901,276812,0.011169162578880787
1689310044.7136557,277792,0.02004123479127884
1689310051.5807085,278620,0.0032914995681494474
1689310059.348989,279552,0.004428070969879627
1689310068.7075014,280696,0.004174504894763231
1689310075.350906,281548,0.003993041347712278
1689310076.1223907,281640,0.007336670998483896
1689310087.079797,283080,0.009089716710150242
1689310103.8870623,285312,0.004139660857617855
1689310122.7689629,287568,0.0070016635581851006
1689310128.228918,288232,0.009052615612745285
1689310148.4001563,290656,0.011077705770730972
1689310150.535126,290928,0.020589454099535942
1689310157.5446324,291800,0.004594836384057999
1689310175.5852995,293960,0.017852820456027985
1689310209.9671888,298072,0.0075363097712397575
1689310242.4404523,302088,0.004776656627655029
1689310243.2662823,302180,0.004541792441159487
1689310269.1679654,305448,0.006086297798901796
1689310271.0098033,305668,0.011527562513947487
1689310274.1846738,306048,0.006507976911962032
1689310291.1180968,308148,0.005674916785210371
1689310295.6955757,308728,0.013521004468202591
1689310311.2819977,310780,0.008934075012803078
1689310315.283361,311288,0.004964378662407398
1689310320.0427773,311904,0.006065394729375839
1689310332.5818598,313516,0.004507362376898527
1689310342.4748235,314744,0.0019822719041258097
1689310344.6331992,315032,0.02548833005130291
1689310348.3200302,315484,0.00883003231137991
1689310353.47915,316144,0.004815397784113884
1689310372.1823833,318440,0.0028106840327382088
1689310380.799114,319440,0.00848640501499176
1689310388.179493,320288,0.003618932096287608
1689310403.017912,322072,0.002338975202292204
1689310408.2385514,322664,0.006891138851642609
1689310427.313184,324948,0.002716611372306943
1689310432.279309,325596,0.005262283608317375
1689310438.3863924,326324,0.014177667908370495
1689310441.9074018,326764,0.005703843664377928
1689310455.306684,328424,0.011617341078817844
1689310472.5860176,330608,0.007979243993759155
1689310479.5036843,331488,0.00485282251611352
1689310482.7016938,331900,0.004159766249358654
1689310515.8745503,336004,0.01110200397670269
1689310529.333093,337704,0.0033165172208100557
1689310532.9316838,338136,0.0033460520207881927
1689310544.6156487,339584,0.007259591482579708
1689310546.1369917,339768,0.005396438762545586
1689310557.5379493,341232,0.0065414272248744965
1689310569.289337,342676,0.004083807114511728
1689310581.3453095,344064,0.00806058943271637
1689310590.700436,345140,0.009538108482956886
1689310592.4417212,345344,0.009271547198295593
1689310600.6467881,346360,0.007468364667147398
1689310615.9139209,348220,0.006903126370161772
1689310627.0562356,349464,0.014838539995253086
1689310630.1262014,349804,0.008251572027802467
1689310634.8109694,350368,0.00410759262740612
1689310639.8268087,350980,0.007112277206033468
1689310640.8040164,351104,0.009701437316834927
1689310652.4953413,352556,0.008869527839124203
1689310661.0210252,353588,0.005156529136002064
1689310673.2427106,355092,0.01393456757068634
1689310684.4433308,356484,0.009245108813047409
1689310693.4300628,357596,0.013496407307684422
1689310708.2422972,359408,0.00537470355629921
1689310724.4883046,361400,0.005968514364212751
1689310745.6029527,364040,0.005971546284854412
1689310749.6862257,364560,0.006532964296638966
1689310760.5138133,365920,0.003985304851084948
1689310767.3180456,366756,0.006761335767805576
1689310773.3350797,367488,0.005072989966720343
1689310787.692138,369192,0.014330118894577026
1689310814.804395,372560,0.003584254067391157
1689310833.2879136,374836,0.008992036804556847
1689310858.2650185,377984,0.013769830577075481
1689310864.4488087,378764,0.005644266493618488
1689310878.3084145,380504,0.010445987805724144
1689310884.6967597,381328,0.011140703223645687
1689310887.0300999,381632,0.01154576800763607
1689310889.0227656,381888,0.016982654109597206
1689310926.5927515,386656,0.012259922921657562
1689310950.5844955,389716,0.010932940989732742
1689310955.870237,390360,0.006534754764288664
1689310964.9023614,391480,0.022420432418584824
1689310966.7064455,391708,0.009440435096621513
1689310990.1537495,394648,0.01319032907485962
1689310992.187428,394856,0.005372834391891956
1689311005.1780186,396460,0.0041635362431406975
1689311012.661023,397416,0.0060548135079443455
1689311021.1028528,398456,0.003943299409002066
1689311022.9146743,398680,0.002673679729923606
1689311036.7704556,400328,0.0025709266774356365
1689311044.6387954,401288,0.0033214795403182507
1689311046.3545423,401500,0.004161081276834011
1689311049.311335,401872,0.009828130714595318
1689311050.7480614,402056,0.004017839208245277
1689311053.7168899,402416,0.007742817979305983
1689311070.3779972,404564,0.0025731355417519808
1689311074.1737309,405040,0.013729313388466835
1689311089.3199759,406948,0.0037213992327451706
1689311090.0596597,407036,0.005755972117185593
1689311094.6594074,407628,0.003905824851244688
1689311147.7986495,414528,0.001797563978470862
1689311191.1229136,420120,0.003589356318116188
1689311212.3643136,422860,0.00946289673447609
1689311222.6397157,424172,0.028304867446422577
1689311240.0499332,426436,0.0027560549788177013
1689311254.6199543,428316,0.004531795158982277
1689311259.6234546,428956,0.0038553322665393353
1689311263.9278705,429508,0.0036735511384904385
1689311274.000967,430828,0.008083682507276535
1689311282.7917545,431972,0.017006833106279373
1689311285.034814,432272,0.0070000081323087215
1689311292.4997447,433248,0.0032640702556818724
1689311294.1505835,433460,0.00593181885778904
1689311303.648546,434664,0.02535015344619751
1689311321.4280376,436968,0.006894723512232304
1689311349.0245464,440528,0.006493852473795414
1689311367.2430215,442912,0.006433411501348019
1689311392.4257069,446088,0.0063737123273313046
1689311404.9500728,447708,0.004425179213285446
1689311430.8242226,451060,0.01998850889503956
1689311436.3279629,451784,0.007719975430518389
1689311441.6587677,452480,0.0076054795645177364
1689311455.0269172,454180,0.004822348244488239
1689311473.2026336,456516,0.010708796791732311
1689311480.158323,457424,0.008575674146413803
1689311487.6352034,458368,0.010994327254593372
1689311509.2287195,461164,0.0193265862762928
1689311554.041457,466968,0.005201233550906181
1689311600.2938652,472696,0.006756977643817663
1689311623.9451132,475732,0.008635828271508217
1689311627.725926,476216,0.004795318469405174
1689311636.4745774,477356,0.01223128940910101
1689311651.456161,479312,0.01754051260650158
1689311665.5113208,481112,0.010103671811521053
1689311682.9351833,483352,0.010521572083234787
1689311697.043742,485200,0.012281154282391071
1689311749.1300325,491944,0.005400217138230801
1689311757.411201,493020,0.007856389507651329
1689311758.5240955,493152,0.005780612584203482
1689311765.4154093,494032,0.006093063857406378
1689311824.7606893,501620,0.003920549526810646
1689311833.4894373,502764,0.009132989682257175
1689311834.6372907,502912,0.006923279259353876
1689311841.8038359,503828,0.005392620339989662
1689311869.3193402,507404,0.006511759478598833
1689311885.6742737,509532,0.00854429043829441
1689311890.9364712,510204,0.004141879267990589
1689311927.551762,514840,0.015088827349245548
1689311942.7342315,516812,0.008625133894383907
1689311951.945699,517988,0.010013770312070847
1689311954.9097006,518372,0.005915260873734951
1689311960.1025095,519040,0.0043457685969769955
1689311964.6442845,519620,0.0076924897730350494
1689311966.0367322,519804,0.002139962511137128
1689311988.0083387,522656,0.0118375513702631
1689311993.2644234,523340,0.007336548995226622
1689311998.2252135,523984,0.017501350492239
1689312003.2786965,524620,0.008718648925423622
1689312014.657428,526104,0.00480039045214653
1689312019.908169,526776,0.012364435009658337
1689312036.1665146,528852,0.022722451016306877
1689312090.727645,535856,0.004390662536025047
1689312093.187313,536168,0.013521836139261723
1689312114.4658322,538912,0.00571562722325325
1689312116.9380844,539228,0.005862262099981308
1689312136.6664522,541736,0.009686064906418324
1689312145.5840724,542872,0.011152355000376701
1689312159.1577337,544612,0.004786432255059481
1689312173.7449734,546480,0.006491307634860277
1689312196.556581,549416,0.008318216539919376
1689312216.9400196,552064,0.007489162031561136
1689312218.7996128,552300,0.01650717481970787
1689312232.999036,554124,0.034908443689346313
1689312238.892357,554868,0.008525218814611435
1689312240.9007332,555128,0.008888615295290947
1689312245.1555328,555688,0.011459747329354286
1689312251.608122,556520,0.006994454190135002
1689312295.142549,562128,0.0057342457585036755
1689312311.0576038,564192,0.017951173707842827
1689312312.7451339,564404,0.022283188998699188
1689312319.6524527,565276,0.03267766162753105
1689312333.276172,567028,0.006387504283338785
1689312340.0789058,567908,0.011244500987231731
1689312345.0312085,568556,0.00941445678472519
1689312350.6074202,569240,0.007650034036487341
1689312359.7993326,570412,0.009458845481276512
1689312378.9233968,572884,0.013005584478378296
1689312390.912528,574416,0.018878672271966934
1689312400.513307,575632,0.006004327908158302
1689312408.3519788,576636,0.010629077441990376
1689312434.6249382,579996,0.007096189074218273
1689312436.9428341,580292,0.010781469754874706
1689312443.7277408,581148,0.00516893994063139
1689312456.9992642,582872,0.022646252065896988
1689312459.8455594,583240,0.01956302300095558
1689312462.1620157,583540,0.006788123864680529
1689312470.4417832,584596,0.011975487694144249
1689312491.7359908,587336,0.009310469962656498
1689312493.972812,587624,0.009206515736877918
1689312495.5501893,587828,0.005524856969714165
1689312509.7698126,589656,0.01019599661231041
1689312522.2221384,591244,0.01968390680849552
1689312528.2625785,592004,0.007331955712288618
1689312540.1924207,593548,0.006320723332464695
1689312553.325793,595216,0.01734435185790062
1689312570.480053,597404,0.018187781795859337
1689312598.3839414,600988,0.020920485258102417
1689312636.1168952,605824,0.005618290044367313
1689312660.8311992,608960,0.01882295310497284
1689312684.0541492,611884,0.013831505551934242
1689312692.156272,612892,0.026671787723898888
1689312706.722362,614732,0.01079690083861351
1689312725.4814548,617092,0.01324625127017498
1689312727.7180743,617380,0.013703315518796444
1689312747.7398016,619944,0.006464620120823383
1689312749.6454518,620188,0.010210661217570305
1689312797.047418,626256,0.007342595141381025
1689312800.4558907,626684,0.028480133041739464
1689312825.7921312,629944,0.01821514591574669
1689312831.8569183,630724,0.023753158748149872
1689312895.4175594,638832,0.01066617202013731
1689312902.3010535,639700,0.010492358356714249
1689312910.0355604,640696,0.01388546358793974
1689312928.6101272,643052,0.007130853366106749
1689312938.2842357,644288,0.014232049696147442
1689312984.4848561,650180,0.01488239225000143
1689312991.5831678,651076,0.009665635414421558
1689313011.7220235,653648,0.014413408003747463
1689313020.2790213,654740,0.013887446373701096
1689313023.9449642,655204,0.006651479285210371
1689313042.6418386,657596,0.01690663956105709
1689313078.092148,662128,0.013259505853056908
1689313106.740192,665748,0.017564086243510246
1689313119.697962,667416,0.016945702955126762
1689313126.6345847,668276,0.0072153229266405106
1689313149.7095988,671240,0.03658955171704292
1689313170.721753,673900,0.014664802700281143
1689313212.6646888,679236,0.018154697492718697
1689313250.358551,684064,0.015950072556734085
1689313360.9870954,698168,0.010421689599752426
1689313362.7526217,698388,0.004163254983723164
1689313402.709934,703484,0.033664677292108536
1689313420.7480702,705804,0.021037306636571884
1689313425.093357,706408,0.06209347024559975
1689313427.3963695,706696,0.020556524395942688
1689313434.2811863,707584,0.010281533934175968
1689313444.8577054,708916,0.01033322885632515
1689313455.1970263,710228,0.03737049922347069
1689313468.0042903,711864,0.012781336903572083
1689313471.3941233,712300,0.011280922219157219
1689313475.1257303,712784,0.011497828178107738
1689313490.4296916,714704,0.011102328076958656
1689313496.1381693,715440,0.012609010562300682
1689313529.8000283,719712,0.008543928153812885
1689313549.854664,722260,0.005632023327052593
1689313636.191423,733208,0.013323414139449596
1689313647.9100585,734684,0.011646579951047897
1689313679.5606518,738728,0.012290789745748043
1689313688.4398339,739852,0.0053097279742360115
1689313694.7464826,740656,0.017834914848208427
1689313718.4085948,743624,0.003832597518339753
1689313732.4084353,745388,0.015005714260041714
1689313768.7584069,749992,0.015103661455214024
1689313771.0835497,750288,0.016319533810019493
1689313779.637922,751376,0.013124674558639526
1689313788.3899076,752480,0.02156238630414009
1689313809.4067054,755148,0.009210357442498207
1689313846.300679,759848,0.004974209237843752
1689313852.2165139,760584,0.017875123769044876
1689313910.307759,767900,0.01067641656845808
1689313915.6738534,768568,0.02779196947813034
1689314003.7288506,779640,0.024701504036784172
1689314027.013392,782584,0.010437605902552605
1689314141.8331852,797116,0.007585751824080944
1689314159.992384,799400,0.03785093501210213
1689314200.5318654,804560,0.010976996272802353
1689314229.168728,808148,0.047791603952646255
1689314247.3453004,810420,0.009283207356929779
1689314257.5361605,811724,0.0049347891472280025
1689314268.8106196,813156,0.028172798454761505
1689314275.529702,814012,0.006652457639575005
1689314292.0447798,816080,0.013130481354892254
1689314294.509574,816380,0.02149634249508381
1689314323.315711,820004,0.011342146433889866
1689314325.18782,820236,0.018702397122979164
1689314356.4613898,824168,0.045107338577508926
1689314367.7434347,825584,0.04699413850903511
1689314401.8559463,829884,0.007392445579171181
1689314414.5989418,831484,0.006983811967074871
1689314428.3437417,833216,0.046494126319885254
1689314456.2039742,836728,0.013963263481855392
1689314476.142908,839264,0.006627451628446579
1689314539.259468,847204,0.01173376478254795
1689314541.0305293,847424,0.009476158767938614
1689314564.5467112,850360,0.02122528851032257
1689314588.1918392,853316,0.008395212702453136
1689314635.8159,859284,0.0077414922416210175
1689314639.899981,859796,0.008671190589666367
1689314643.3699057,860228,0.017354559153318405
1689314647.481668,860744,0.009681077674031258
1689314673.6663132,864044,0.013799048960208893
1689314678.902357,864700,0.018801629543304443
1689314706.2535684,868140,0.012422826141119003
1689314718.7109504,869700,0.003898509545251727
1689314752.8575156,873956,0.004957473371177912
1689314797.445069,879492,0.04196036979556084
1689314834.4996028,884136,0.006715382914990187
1689314856.4051352,886852,0.006030960474163294
1689314871.4138079,888744,0.00644768588244915
1689314899.2082698,892212,0.016890808939933777
1689314932.2278957,896352,0.024747218936681747
1689314966.3409305,900612,0.007099406328052282
1689314978.0530312,902080,0.0043326979503035545
1689314997.1801195,904464,0.010083163157105446
1689315003.5683157,905280,0.006727464031428099
1689315036.3748994,909344,0.006055429112166166
1689315041.306389,909940,0.0070166029036045074
1689315046.8604374,910628,0.010970160365104675
1689315098.847222,917136,0.01812429539859295
1689315148.2904587,923252,0.04025929421186447
1689315152.1739018,923736,0.011576653458178043
1689315155.2904956,924124,0.005850566551089287
1689315160.2880585,924748,0.02106131613254547
1689315214.6127207,931464,0.008706462569534779
1689315319.9034235,944036,0.015111044980585575
1689315332.7092736,945624,0.01009299885481596
1689315339.7893856,946484,0.009249409660696983
1689315348.014237,947492,0.01074925810098648
1689315358.5385058,948804,0.009179327636957169
1689315376.8908923,951076,0.0133225591853261
1689315389.673448,952652,0.005533362738788128
1689315392.8225079,953040,0.01889052428305149
1689315464.0262303,961824,0.0066239191219210625
1689315509.0607953,967392,0.007112719584256411
1689315553.665211,972848,0.006579698994755745
1689315575.5388227,975540,0.012843393720686436
1689315579.5123558,976032,0.015062833204865456
1689315593.2336733,977728,0.0429467111825943
1689315642.0239718,983728,0.008572555147111416
1689315644.764858,984056,0.008969367481768131
1689315698.0948942,990624,0.01895313151180744
1689315702.682632,991188,0.014598335139453411
1689315712.549602,992400,0.00645655719563365
1689315715.2096124,992724,0.02365296520292759
1689315729.2275884,994456,0.00923458393663168
1689315734.0138135,995044,0.005352518521249294
1689315740.8697884,995896,0.04407254979014397
1689315778.8504927,1000564,0.02038590796291828
1689315786.7692587,1001552,0.0038312042597681284
1689315857.1720605,1010144,0.046282459050416946
1689315865.5590217,1011152,0.010586583986878395
1689315870.9639208,1011820,0.0167215745896101
1689315894.529941,1014736,0.010837350971996784
1689315909.045652,1016512,0.012921874411404133
1689315989.73578,1026316,0.01810518093407154
1689316019.048456,1029896,0.006104549393057823
1689316062.7867863,1035236,0.04530580714344978
1689316144.4415598,1045228,0.006740768440067768
1689316174.714797,1048884,0.007374520879238844
1689316188.422766,1050564,0.02066132239997387
1689316195.7438295,1051440,0.010218658484518528
1689316224.750019,1054980,0.02344922162592411
1689316236.9196076,1056444,0.04261251538991928
1689316281.3412478,1061816,0.008869612589478493
1689316299.755971,1064032,0.005957274232059717
1689316456.530627,1082980,0.026718560606241226
1689316486.893778,1086648,0.01810976304113865
1689316500.382802,1088272,0.014945673756301403
1689316519.6045225,1090588,0.007030562497675419
1689316544.0336432,1093528,0.008072729222476482
1689316559.0673354,1095332,0.02160654403269291
1689316602.5571826,1100616,0.03577960282564163
1689316613.5075147,1101944,0.014698297716677189
1689316626.6953337,1103544,0.04222457855939865
1689316717.9883277,1114472,0.006050393916666508
1689316736.3584027,1116680,0.013549130409955978
1689316774.0909748,1121212,0.014950995333492756
1689316778.4199445,1121732,0.021599162369966507
1689316826.5218291,1127516,0.01931583508849144
1689316858.9381475,1131420,0.019915349781513214
1689316861.5257807,1131716,0.013319273479282856
1689316880.711993,1134032,0.010773099958896637
1689316907.7352686,1137256,0.00633325194939971
1689316940.6914468,1141188,0.00480938795953989
1689316980.9459121,1146028,0.01354784332215786
1689317010.4928877,1149588,0.005696228239685297
1689317019.8235807,1150720,0.011300635524094105
1689317073.760845,1157312,0.02131265588104725
1689317101.9117603,1160712,0.01924077235162258
1689317135.0611844,1164700,0.030441205948591232
1689317168.6410112,1168716,0.051001135259866714
1689317205.3314288,1173100,0.02072533220052719
1689317302.5711825,1184760,0.007223628927022219
1689317398.1750586,1196220,0.06810527294874191
1689317421.68862,1199000,0.003564947983250022
1689317449.5748506,1202356,0.013265028595924377
1689317540.591078,1213288,0.016317442059516907
1689317571.575766,1216996,0.010478162206709385
1689317605.2802317,1221056,0.013230344280600548
1689317616.3127346,1222360,0.014541887678205967
1689317730.822459,1236064,0.00400704238563776
1689317763.651056,1239992,0.00531369261443615
1689317779.71588,1241916,0.007480203174054623
1689317843.0693944,1249508,0.015800928696990013
1689317906.1485825,1257080,0.06954017281532288
1689317910.591925,1257604,0.004256075248122215
1689317927.3087034,1259624,0.0235027763992548
1689317991.7294157,1267376,0.007891230285167694
1689318072.2858937,1277044,0.0031182109378278255
1689318153.7265506,1286820,0.019235193729400635
1689318190.3599522,1291208,0.007491616997867823
1689318202.0119004,1292600,0.0034741470590233803
1689318248.6381214,1298180,0.06743210554122925
1689318298.5496805,1304172,0.006840496324002743
1689318308.88881,1305404,0.01749740168452263
1689318320.7289674,1306820,0.017318537458777428
1689318324.9078307,1307316,0.007627523969858885
1689318349.915875,1310328,0.0054764882661402225
1689318393.3390992,1315528,0.024328775703907013
1689318465.0337842,1324072,0.0141825620085001
1689318466.852091,1324284,0.03981155529618263
1689318575.6833613,1337300,0.006623582914471626
1689318635.7810485,1344480,0.03564390167593956
1689318676.5889103,1349348,0.006485967896878719
1689318698.5909262,1351984,0.029373103752732277
1689318724.8334262,1355136,0.009675108827650547
1689318759.0175626,1359260,0.010860992595553398
1689318808.029349,1365124,0.051725249737501144
1689318915.6239812,1377816,0.0307045616209507
1689319004.1009512,1388380,0.04814997687935829
1689319023.4583566,1390696,0.05607607588171959
1689319119.4711006,1402168,0.05920908972620964
1689319171.0268028,1408348,0.0025323950685560703
1689319193.9383965,1411088,0.05999329686164856
1689319207.8185282,1412752,0.027619289234280586
1689319226.6038027,1415004,0.0848667323589325
1689319235.067473,1416000,0.027358410879969597
1689319281.197367,1421520,0.0062057338654994965
1689319292.8954208,1422920,0.0048667690716683865
1689319357.9609394,1430748,0.014118651859462261
1689319400.0858235,1435784,0.019825806841254234
1689319458.373304,1442780,0.010118525475263596
1689319476.2781143,1444916,0.007887493818998337
1689319528.5631347,1451204,0.007246083579957485
1689319662.223743,1467276,0.02510312758386135
1689319698.4775362,1471620,0.017699921503663063
1689319720.5584476,1474276,0.003678710199892521
1689319817.177213,1485904,0.0033103707246482372
1689319849.003029,1489728,0.009251371026039124
1689319872.9988508,1492600,0.012102492153644562
1689319885.4947257,1494096,0.006408989429473877
1689319924.9264314,1498796,0.005081650335341692
1689319947.7714884,1501548,0.016727466136217117
1689319965.2118626,1503624,0.00977229792624712
1689319991.589317,1506788,0.011007232591509819
1689319992.86621,1506940,0.0033179305028170347
1689320093.5046544,1519020,0.00862603634595871
1689320104.2388403,1520304,0.020398370921611786
1689320122.94618,1522544,0.07943493872880936
1689320146.6114998,1525352,0.009963161312043667
1689320187.9765248,1530308,0.0031960858032107353
1689320227.0414255,1534976,0.0147738391533494
1689320284.6850176,1541908,0.010365193709731102
1689320372.077035,1552452,0.005771832540631294
1689320399.092643,1555716,0.018963877111673355
1689320420.7662163,1558320,0.007714185398072004
1689320613.4426022,1581428,0.024260589852929115
1689320648.9046955,1585692,0.007914022542536259
1689320654.7693045,1586472,0.005409549456089735
1689320681.662279,1589684,0.012758968397974968
1689320701.8930242,1592120,0.011951682157814503
1689320711.869541,1593328,0.004305862821638584
1689320734.6870577,1596092,0.008075319230556488
1689320750.7172124,1598000,0.01910746470093727
1689320809.30025,1605036,0.049651406705379486
1689320866.7757275,1611968,0.01183741632848978
1689320892.831924,1615088,0.01051218993961811
1689320904.9272194,1616536,0.007487236987799406
1689320945.499936,1621440,0.004487598780542612
1689320989.243325,1626676,0.008423397317528725
1689320992.6036425,1627072,0.012872670777142048
1689321035.3600402,1632212,0.009429890662431717
1689321049.61361,1633884,0.019152840599417686
1689321130.6725085,1643612,0.00798298791050911
1689321154.9890962,1646520,0.049895670264959335
1689321170.0121188,1648296,0.07474619150161743
1689321302.5653732,1664148,0.00513568427413702
1689321343.1411192,1669036,0.002522168681025505
1689321384.5915523,1674020,0.04946676269173622
1689321405.9194245,1676572,0.01697598583996296
1689321414.735528,1677640,0.0037176518235355616
1689321501.948896,1688104,0.020640792325139046
1689321591.339967,1698828,0.08946245908737183
1689321612.1705267,1701320,0.05549365282058716
1689321634.103463,1703956,0.009109541773796082
1689321647.8761199,1705620,0.008903516456484795
1689321656.4154966,1706632,0.02372569590806961
1689321764.2101169,1719588,0.01921016164124012
1689321779.7346468,1721436,0.0271576140075922
1689321793.2237802,1723056,0.01632416993379593
1689321800.360545,1723896,0.013976549729704857
1689321807.8591018,1724792,0.005588908679783344
1689321846.6101274,1729440,0.006341090891510248
1689321851.5231414,1730032,0.02025499753654003
1689321958.507931,1742860,0.01271851547062397
1689322089.918437,1758668,0.018176332116127014
1689322184.2788024,1770020,0.005748056806623936
1689322269.556565,1780308,0.04890778288245201
1689322280.592831,1781636,0.006761328782886267
1689322396.3190665,1795580,0.008750532753765583
1689322426.7436304,1799240,0.012399295344948769
1689322469.7511544,1804480,0.014954833313822746
1689322490.5414205,1806960,0.005865355487912893
1689322526.1557975,1811248,0.06025555357336998
1689322729.0462375,1835668,0.013217223808169365
1689322796.4035172,1843808,0.0070093171671032906
1689322803.0036125,1844588,0.008591586723923683
1689322997.65895,1867848,0.005000587552785873
1689323168.1012874,1888296,0.009793981909751892
1689323252.488131,1898392,0.009293447248637676
1689323264.743974,1899864,0.0244139451533556
1689323301.2759678,1904248,0.005627861712127924
1689323372.8308403,1912792,0.03110203519463539
1689323397.3307772,1915740,0.006080335471779108
1689323404.1297543,1916548,0.09138962626457214
1689323463.122129,1923644,0.006113153882324696
1689323475.8811886,1925168,0.010792771354317665
1689323504.9023983,1928648,0.06744310259819031
1689323751.1160843,1958168,0.0075166188180446625
1689323773.035209,1960808,0.03878353536128998
1689323799.093208,1963956,0.020101696252822876
1689323853.5154645,1970524,0.007398279383778572
1689323887.217934,1974560,0.11666764318943024
1689323895.2903678,1975532,0.002823312534019351
1689323902.982749,1976444,0.027133870869874954
1689323906.070162,1976800,0.020912617444992065
1689323993.1169293,1987168,0.011996973305940628
1689324049.7749977,1993976,0.006120030768215656
1689324139.036244,2004764,0.01548295933753252
1689324217.507378,2014220,0.006721912883222103
1689324236.5144424,2016512,0.0039040769916027784
1689324268.143478,2020388,0.024131769314408302
1689324280.1049323,2021840,0.031379491090774536
1689324321.0643213,2026788,0.011868488974869251
1689324358.763478,2031292,0.0018953620456159115
1689324398.9710352,2036096,0.011254067532718182
1689324418.7567937,2038460,0.004423199687153101
1689324480.504161,2045796,0.0030424532014876604
1689324580.8018608,2057844,0.009364263154566288
1689324586.5609975,2058536,0.006837446242570877
1689324612.761475,2061684,0.043390803039073944
1689324634.712801,2064312,0.01835940219461918
1689324652.777164,2066456,0.04698076844215393
1689324805.6726732,2084788,0.005716647021472454
1689324862.7110093,2091640,0.034689731895923615
1689324876.9390266,2093348,0.006498360075056553
1689324891.1656797,2095060,0.008944175206124783
1689325026.9821765,2111380,0.11503909528255463
1689325030.9326103,2111856,0.013028092682361603
1689325056.8954508,2114988,0.004033905453979969
1689325067.9952104,2116328,0.00417372677475214
1689325101.5353105,2120380,0.06960005313158035
1689325107.060713,2121048,0.009615805000066757
1689325148.0873756,2126004,0.01626560278236866
1689325161.1438103,2127580,0.006155914161354303
1689325172.27169,2128912,0.014745383523404598
1689325208.8195167,2133328,0.004143007565289736
1689325350.7785907,2150456,0.00996679812669754
1689325392.3326209,2155424,0.006118023302406073
1689325407.381979,2157224,0.007121554110199213
1689325419.2263212,2158616,0.017800815403461456
1689325475.6944003,2165416,0.018266450613737106
1689325556.59372,2175160,0.007060893811285496
1689325618.9661589,2182672,0.03420155867934227
1689325623.1109757,2183164,0.013455541804432869
1689325645.5817509,2185864,0.05343206226825714
1689325724.8451219,2195368,0.019037285819649696
1689325767.4372466,2200452,0.04545632004737854
1689325797.2147014,2204044,0.02133781649172306
1689325848.558834,2210248,0.009255534037947655
1689325900.022219,2216408,0.01358974352478981
1689325908.2404196,2217392,0.011039513163268566
1689325943.5027707,2221644,0.01483896467834711
1689325955.8653107,2223144,0.011368723586201668
1689325979.668406,2226028,0.010104360990226269
1689325988.7044234,2227108,0.013596415519714355
1689326064.190703,2236240,0.006140421144664288
1689326239.9354677,2257472,0.0052017937414348125
1689326290.421049,2263520,0.0036303531378507614
1689326313.0163884,2266228,0.004404108505696058
1689326328.137043,2268052,0.0064752716571092606
1689326332.9275055,2268632,0.004726651590317488
1689326389.7942681,2275472,0.00856788270175457
1689326410.4827685,2277956,0.010352207347750664
1689326433.200425,2280708,0.010733365081250668
1689326456.1079443,2283488,0.0027454609517008066
1689326595.0921926,2300296,0.016402531415224075
1689326646.299784,2306488,0.00919718574732542
1689326673.6286614,2309776,0.019160667434334755
1689326743.1234775,2318160,0.0074449097737669945
1689326828.7035213,2328520,0.06209924817085266
1689327005.4364414,2349868,0.0018993931589648128
1689327282.685245,2383184,0.006700056605041027
1689327349.1414747,2391212,0.010684123262763023
1689327453.8906167,2403832,0.004756915383040905
1689327490.716189,2408260,0.004143166355788708
1689327597.8113527,2421180,0.013674065470695496
1689327723.7439868,2436356,0.017462754622101784
1689327773.2188005,2442332,0.011515997350215912
1689327792.5548291,2444672,0.006975347176194191
1689327843.5921588,2450808,0.0020018855575472116
1689327888.5730462,2456264,0.08110379427671432
1689327912.9780364,2459208,0.05784189701080322
1689327960.19794,2464900,0.005011283792555332
1689328024.34061,2472632,0.0098184272646904
1689328041.894451,2474728,0.013744102790951729
1689328062.8003998,2477248,0.016457827761769295
1689328070.653001,2478200,0.0032755285501480103
1689328078.8927646,2479196,0.008521877229213715
1689328091.5097816,2480728,0.005603260360658169
1689328148.293929,2487600,0.020819487050175667
1689328192.945897,2492944,0.05498098209500313
1689328272.5295782,2502580,0.008911039680242538
1689328333.2742262,2509924,0.004513848572969437
1689328486.4489717,2528388,0.009875496849417686
1689328574.970495,2539100,0.005552397575229406
1689328672.3106496,2550884,0.07993023097515106
1689328797.7186494,2566004,0.009207858704030514
1689328869.9818432,2574708,0.00342003395780921
1689328923.61449,2581184,0.0026361120399087667
1689328951.0568566,2584480,0.08152990788221359
1689329032.6067584,2594236,0.009351581335067749
1689329044.510223,2595696,0.07492797076702118
1689329058.7002332,2597400,0.0026936689391732216
1689329159.9455276,2609572,0.005194450728595257
1689329349.1880732,2632260,0.004344909451901913
1689329569.742379,2658828,0.002810346195474267
1689329605.739583,2663160,0.003101564710959792
1689329631.814873,2666308,0.006144354119896889
1689329693.9980772,2673860,0.002035004086792469
1689329745.8478727,2680144,0.0067556495778262615
1689329824.9485686,2689660,0.008865579962730408
1689329896.394878,2698276,0.012680266052484512
1689329953.815875,2705216,0.005365034565329552
1689330003.769647,2711248,0.013507753610610962
1689330037.8024616,2715356,0.003990184981375933
1689330053.1700535,2717204,0.01215981226414442
1689330063.8470447,2718484,0.0022834017872810364
1689330292.5759714,2746056,0.010033060796558857
1689330319.2805636,2749268,0.006513272412121296
1689330328.700113,2750364,0.010312143713235855
1689330386.3844912,2757292,0.005376365967094898
1689330519.93176,2773408,0.007931206375360489
1689330569.0282092,2779280,0.004079387057572603
1689330583.6445327,2781036,0.0024985389318317175
1689330588.6899347,2781640,0.006116504780948162
1689330667.2253044,2791032,0.0032776447478681803
1689330688.3971672,2793548,0.0036354854237288237
1689330802.7549324,2807368,0.004707007203251123
1689330833.0090303,2811024,0.020675793290138245
1689330844.6155481,2812420,0.008240130729973316
1689330946.9950035,2824792,0.00850766897201538
1689331010.1250892,2832412,0.0063268691301345825
1689331043.4009068,2836428,0.07237266004085541
1689331058.5524037,2838272,0.00758269801735878
1689331074.7830203,2840236,0.0038987991865724325
1689331282.986971,2865444,0.010054588317871094
1689331489.6284225,2890372,0.00929950550198555
1689331550.0174317,2897732,0.011599765159189701
1689331587.650827,2902244,0.00880422443151474
1689331659.1295059,2910864,0.0031420723535120487
1689331685.888944,2914064,0.0037199959624558687
1689331718.6276636,2918032,0.0024898145347833633
1689331748.0415545,2921584,0.03698486089706421
1689331763.1120167,2923400,0.006548519246280193
1689331778.9025445,2925300,0.03395971283316612
1689331811.7193618,2929252,0.018085578456521034
1689331865.1924567,2935676,0.00782465748488903
1689332009.424541,2953016,0.00418029585853219
1689332087.0516877,2962352,0.004535086918622255
1689332100.3253853,2963940,0.0034302682615816593
1689332153.499524,2970320,0.05312075465917587
1689332211.6194167,2977312,0.00862142350524664
1689332220.5039551,2978384,0.007036025635898113
1689332251.0148585,2982092,0.029291924089193344
1689332362.9774494,2995540,0.010946810245513916
1689332468.7173214,3008332,0.003674076870083809
1689332508.7305894,3013188,0.0031426360365003347
1689332516.4463465,3014124,0.1233542189002037
1689332521.5874338,3014740,0.005866189952939749
1689332616.824273,3026216,0.011305248364806175
1689332670.3616285,3032688,0.004004765301942825
1689332710.7635386,3037560,0.004135473631322384
1689332716.83635,3038292,0.03986332193017006
1689332728.8715408,3039720,0.00802481546998024
1689332744.9695125,3041640,0.043955881148576736
1689332757.0451443,3043084,0.002643920946866274
1689332776.9405193,3045464,0.11001067608594894
1689332867.8905895,3056384,0.005743124056607485
1689333092.1642003,3083388,0.004253975115716457
1689333233.7974722,3100388,0.007252317387610674
1689333344.7551408,3113804,0.010858996771275997
1689333379.4272819,3117972,0.01810099370777607
1689333391.1592631,3119380,0.10120584070682526
1689333434.872457,3124656,0.013058116659522057
1689333521.1174889,3135064,0.04140128940343857
1689333639.707988,3149320,0.006364908069372177
1689333752.6798403,3162928,0.009020589292049408
1689333777.1725094,3165872,0.003188417525961995
1689333808.8505306,3169716,0.007166576571762562
1689333813.6070845,3170292,0.012805590406060219
1689334017.632497,3194836,0.0018281126394867897
1689334062.8627088,3200292,0.007954893633723259
1689334087.703852,3203292,0.013744819909334183
1689334161.7557578,3212240,0.005559295415878296
1689334198.723848,3216676,0.08798746019601822
1689334241.9058282,3221892,0.007370044477283955
1689334245.7483103,3222348,0.00501242745667696
1689334254.7158594,3223424,0.007847938686609268
1689334266.9136512,3224900,0.007777450140565634
1689334344.5137208,3234276,0.13874198496341705
1689334374.6658728,3237916,0.010087406262755394
1689334387.1047707,3239396,0.005421598441898823
1689334428.2651086,3244396,0.007612741552293301
1689334536.546252,3257532,0.022515354678034782
1689334556.7868092,3259988,0.04647244140505791
1689334577.8439775,3262516,0.017629500478506088
1689334624.8505838,3268196,0.02760419249534607
1689334645.9765124,3270752,0.0034074904397130013
1689334774.10616,3286248,0.00401034951210022
1689334777.0678504,3286604,0.0035117976367473602
1689334808.2200449,3290324,0.006805312819778919
1689334891.1409762,3300356,0.015368187800049782
1689335031.3681562,3317264,0.002433210611343384
1689335054.6584742,3320080,0.020468125119805336
1689335159.9429476,3332904,0.01421278528869152
1689335224.1985013,3340672,0.05584119260311127
1689335254.489755,3344344,0.0013503613881766796
1689335415.4805646,3363740,0.0030092077795416117
1689335511.769655,3375356,0.00991611834615469
1689335567.833438,3382108,0.0031156260520219803
1689335587.3093615,3384448,0.015566397458314896
1689335608.7697062,3387048,0.004389574285596609
1689335617.571127,3388104,0.05991388484835625
1689335639.435386,3390748,0.0067941537126898766
1689335678.3901837,3395404,0.01444768812507391
1689335713.4356737,3399600,0.0037602584343403578
1689335833.6104143,3414064,0.005342519376426935
1689335912.428468,3423544,0.010153442621231079
1689335918.9086277,3424324,0.02093036286532879
1689335938.7353864,3426716,0.038991354405879974
1689336049.655026,3440088,0.003829352091997862
1689336066.6751082,3442124,0.00211088708601892
1689336114.7017412,3447868,0.010996857658028603
1689336255.0945313,3464716,0.01955142803490162
1689336291.416238,3469096,0.003439136315137148
1689336349.3852425,3476080,0.007274479605257511
1689336418.9849486,3484460,0.07764145731925964
1689336425.2347548,3485212,0.003254750045016408
1689336498.6790738,3494040,0.005860380362719297
1689336535.6059482,3498504,0.030392739921808243
1689336555.7750602,3500916,0.006210457067936659
1689336592.7502537,3505364,0.005641546566039324
1689336613.1243894,3507812,0.03573286160826683
1689336661.8320773,3513676,0.00734145799651742
1689336732.7562728,3522124,0.006558231543749571
1689336792.0926282,3529240,0.011004775762557983
1689336818.3987694,3532388,0.018863674253225327
1689336862.184756,3537636,0.008860332891345024
1689337005.3701031,3554272,0.008136080577969551
1689337185.9536817,3575936,0.00980251096189022
1689337196.7424963,3577168,0.007175802253186703
1689337228.1652596,3580952,0.011306213214993477
1689337324.9360938,3592504,0.013901150785386562
1689337389.3953626,3600224,0.0036724302917718887
1689337452.9614904,3607828,0.004586862400174141
1689337529.1470103,3616980,0.006710059009492397
1689337574.4587288,3622448,0.00411735475063324
1689337707.290552,3638420,0.002406811574473977
1689337714.8813846,3639340,0.08862672746181488
1689337760.0633252,3644776,0.03367530554533005
1689337845.9547062,3655124,0.012058895081281662
1689337887.1670895,3660092,0.09072444587945938
1689337904.6484585,3662172,0.0046866764314472675
1689337920.715955,3664100,0.08630246669054031
1689338011.3000736,3675008,0.06812095642089844
1689338078.429819,3683120,0.048737186938524246
1689338162.6748066,3693280,0.022536680102348328
1689338177.9583933,3695128,0.04687174782156944
1689338194.3667445,3697088,0.007687229663133621
1689338303.8956616,3710276,0.019140155985951424
1689338360.8541899,3717104,0.0023637914564460516
1689338383.6392782,3719864,0.00548533396795392
1689338395.993447,3721368,0.0025584043469280005
1689338448.74918,3727720,0.0057084085419774055
1689338624.3666465,3748888,0.06713732331991196
1689338688.4462426,3756624,0.016010217368602753
1689338696.304944,3757532,0.0019728108309209347
